Designator,Val,Package,Mid X,Mid Y,Rotation,Layer
C1,2.2u,C_0805_2012Metric,119.874955,-95.375006,-90,top
C2,2.2u,C_0805_2012Metric,125.024958,-79.300003,180,top
C3,10UF,C_0805_2012Metric,163.075,-99.65,180,top
C5,100n,C_0603_1608Metric,161.537481,-91.587501,90,top
C6,1u,C_0603_1608Metric,163.062482,-91.587504,90,top
C7,100n,C_0603_1608Metric,121.679958,-96.440004,90,top
C8,100n,C_0603_1608Metric,140.975,-91.825,-90,top
C9,100n,C_0603_1608Metric,140.799958,-94.9,-90,top
C10,100n,C_0603_1608Metric,136.99996,-79.924994,0,top
C11,1u,C_0603_1608Metric,149.812497,-93.162501,-90,top
C12,100n,C_0603_1608Metric,151.337496,-93.137498,-90,top
C13,100n,C_0603_1608Metric,151.102492,-96.202493,-90,top
C14,100n,C_0603_1608Metric,140.774947,-86.549993,-90,top
C15,2.2u,C_0805_2012Metric,137.199958,-100.580003,180,top
C16,100n,C_0603_1608Metric,162.437492,-95.687512,0,top
C17,10UF,C_0805_2012Metric,163.062494,-97.512507,0,top
C21,10UF,C_0805_2012Metric,147.45,-111.925,90,top
C26,100NF,C_0805_2012Metric,149.21,-43.4,-90,top
C27,10UF,C_0805_2012Metric,151.5,-44.47,90,top
C28,3u3,C_0805_2012Metric,165.125,-104.575,180,top
C30,100n,C_0603_1608Metric,123.149958,-81.350012,180,top
C31,100NF,C_0805_2012Metric,144.975,-112.3,90,top
C32,100NF,C_0805_2012Metric,136.5,-105.675,0,top
C34,10UF,C_0805_2012Metric,136.925,-112.4,-90,top
C35,100n,C_0603_1608Metric,162.437503,-93.887506,0,top
C36,47UF,C_0805_2012Metric,165.187493,-93.737516,90,top
C37,10UF,C_0805_2012Metric,162,-107.65,90,top
C39,100NF,C_0805_2012Metric,149.75,-109.05,-90,top
C40,100NF,C_0805_2012Metric,158.15,-113.4,-90,top
C41,10UF,C_0805_2012Metric,151.2,-105.675,180,top
C43,10p,C_0603_1608Metric,142.823961,-87.401002,-90,top
C44,10p,C_0603_1608Metric,142.823955,-90.576,90,top
C45,100u 35V,CP_Elec_6.3x7.7,129,-46.105,90,top
C46,100u 35V,CP_Elec_6.3x7.7,136.48,-46.12,90,top
C47,100n,C_0603_1608Metric,141.474949,-84.225005,0,top
C48,100n,C_0603_1608Metric,137.19995,-98.774999,180,top
C49,2.2u,C_0805_2012Metric,133.5575,-54.2875,-90,top
C50,2.2u,C_0805_2012Metric,127.59,-55.86,90,top
C52,220p,C_0805_2012Metric,146.475,-108.75,0,top
C53,2N7,C_0805_2012Metric,165.1,-108.875,0,top
C55,2.2u,C_0805_2012Metric,169.6,-84.21,180,top
C56,2.2u,C_0805_2012Metric,169.6,-78.44,180,top
C57,100n,C_0603_1608Metric,130.95,-60.05,0,top
C58,100n,C_0603_1608Metric,134.15,-59.025,-90,top
D1,1N5817,D_SOD-123,121.86,-48.925,180,top
D2,1N4007,D_SOD-123F,132.725,-111.175,-90,top
FB1,600Ω@100MHz,L_0805_2012Metric,132.9,-50.54,0,top
FB2,600Ω@100MHz,L_0805_2012Metric,170.45,-81.33,-90,top
FB3,200Ω@100MHz,L_0805_2012Metric,131.25,-58.1,0,top
J1,AUDIO_IN_TRS,NEUTRIK_NMJ6HCD2,125.4,-125.925,180,top
J2,AUDIO_OUT_TRS,NEUTRIK_NMJ6HCD2,158.6,-125.973,0,top
J3,Barrel_Jack_Switch,Generic_PowerJack,120.725,-58.711,0,top
J5,EXPRESSION JACK,NEUTRIK_NMJ6HCD2,158.65,-56.53,0,top
JP1,M05X2MINIJTAG,20021121-00010C4LF_JTAG,117.5,-85.35,90,top
K1,G6K-2,Relay_DPDT_Omron_G6K-2G-Y,125.975,-110.525,-90,top
Q1,SS8050,SOT-23-3,117.475,-105.1125,0,top
R1,1K,R_0805_2012Metric,117.1375,-101.825,180,top
R2,10k,R_0805_2012Metric,162,-103.85,90,top
R5,2.2k,R_0603_1608Metric,132.05,-100.7,-90,top
R6,2.2k,R_0603_1608Metric,133.75,-100.7,-90,top
R7,470R,R_0805_2012Metric,165.075,-106.725,180,top
R10,2M,R_0805_2012Metric,136.95,-108.625,90,top
R11,100K,R_0805_2012Metric,143.725,-105.625,180,top
R13,2M,R_0805_2012Metric,137.625,-115.425,180,top
R14,100K,R_0805_2012Metric,140.125,-105.65,0,top
R15,1k5,R_0805_2012Metric,113.82,-113.26,-90,top
R16,5k1,R_0603_1608Metric,153.937498,-98.6375,0,top
R17,2M,R_0805_2012Metric,158.15,-109.45,90,top
R18,2M,R_0805_2012Metric,158.625,-105.65,0,top
R21,100R,R_0805_2012Metric,154.9,-105.675,180,top
R22,1K,R_0805_2012Metric,161.15,-112.625,90,top
R23,2M,R_0805_2012Metric,147.475,-105.675,180,top
R25,1K,R_0805_2012Metric,139.954,-130.048,90,top
R26,1k5,R_0805_2012Metric,143.764,-130.048,90,top
R27,5k1,R_0603_1608Metric,153.937494,-100.187501,0,top
R28,5k1,R_0603_1608Metric,159.412492,-98.537491,180,top
R31,2K,R_0805_2012Metric,141.65,-115.425,0,top
R32,2K,R_0805_2012Metric,145.625,-115.425,0,top
R33,2M,R_0805_2012Metric,143.95,-57.05,-90,top
U1,LD1117S50TR_SOT223,SOT-223-3_TabPin2,144.04,-46.89,-90,top
U2,MCP6002,SOIC-8_3.9x4.9mm_P1.27mm,141.009994,-110.5,-90,top
U3,OPA1652AID,SOIC-8_3.9x4.9mm_P1.27mm,154.1,-110.55,90,top
U4,CS4270,TSSOP-24_4.4x7.8mm_P0.65mm,156.499994,-93.362502,0,top
U6,MCP6002,SOIC-8_3.9x4.9mm_P1.27mm,139.09,-54.76,0,top
U7,TLV76733QWDRBxQ1,VSON-8-1EP_3x3mm_P0.65mm_EP1.65x2.4mm,130.6275,-54.3475,90,top
U8,CPC1018N,SOP-4_3.8x4.1mm_P2.54mm,166.445,-113.275,180,top
U9,STM32H7B0VBTx,LQFP-100_14x14mm_P0.5mm,131.225,-89.375,180,top
Y1,Crystal_GND24 16Mhz,Crystal_SMD_3225-4Pin_3.2x2.5mm,145.423953,-89.07601,90,top
