Comment,Designator,Footprint,JLCPCB Part (optional)
2.2u,"C1,C2,C15,C49,C50,C55,C56",805,C377773
100n,"C5,C7,C8,C9,C10,C12,C13,C14,C16,C30,C35,C47,C48,C57,C58",603,C14663
1u,"C6,C11",603,C15849
10UF,"C17,C21,C27,C34,C37,C41,C3",805,C15850
100NF,"C26,C31,C32,C39,C40",805,C49678
3u3,C28,805,C16194987
47UF,C36,805,C124129
10p,"C43,C44",603,C1634
100u 35V,"C45,C46","SMD,D6.3xL7.7mm",C3339
220p,C52,805,C107145
2N7,C53,805,C170119
1N5817W,D1,SOD-123,C727113
1N4007W,D2,SOD-123FL,C108803
600Ω@100MHz,"FB1,FB2",805,C1017
200Ω@100MHz,FB3,805,C437407
NMJ6HCD2,"J1, J2, J5",,C368502
DC-005-20A,J3,,C136744
20021121-00010C4LF,JP1,"SMD,P=1.27mm",C150517
G6K-2G-Y DC5,K1,"SMD,6.5x10mm",C397140
SS8050,Q1,SOT-23-3,C2150
1K,"R1,R22,R25",805,C17513
10k,R2,805,C17414
2.2k,"R5,R6",603,C4190
470R,R7,805,C17710
2M,"R10,R13,R17,R18,R23,R33",805,C26112
100K,"R11,R14",805,C149504
1k5,"R15,R26",805,C4310
5k1,"R16,R27,R28",603,C23186
100R,R21,805,C17408
2K,"R31,R32",805,C17604
LD1117S50CTR,U1,SOT-223-3,C81157
MCP6002T-I/SN,"U2,U6",SOIC-8,C7377
OPA1652AIDR,U3,SOIC-8,C30025
CS4270,U4,TSSOP-24,C1323229
Crystal_GND24 16Mhz,Y1,SMD3225-4P,C112972
TLV76733QWDRBxQ1,U7,SON-8(3x3),C5220143
CPC1018N,U8,SOP-4-2.54mm,C133069
STM32H7B0VBT6,U9,LQFP-100(14x14),C730227
